[{"id":"user-file-Clipchamp.gif","fileName":"Clipchamp.gif","name":"Clipchamp","publicUrl":"np://user.desktop.nicepage.com/Site_36216553/files/Clipchamp.gif","size":1849678},{"id":"user-file-abc.gif","fileName":"abc.gif","name":"abc","publicUrl":"np://user.desktop.nicepage.com/Site_36216553/files/abc.gif","size":1849678},{"id":"user-file-abc.mp4","fileName":"abc.mp4","name":"abc","publicUrl":"npv://user.desktop.nicepage.com/Site_36216553/files/abc.mp4","size":10293450},{"id":"user-file-fonv.mp4","fileName":"fonv.mp4","name":"fonv","publicUrl":"npv://user.desktop.nicepage.com/Site_36216553/files/fonv.mp4","size":10267820},{"id":"user-file-833eada4-4e04-0cad-ba69-d686d69fa1f9.pdf","fileName":"833eada4-4e04-0cad-ba69-d686d69fa1f9.pdf","name":"833eada4-4e04-0cad-ba69-d686d69fa1f9","publicUrl":"np://user.desktop.nicepage.com/Site_36216553/files/833eada4-4e04-0cad-ba69-d686d69fa1f9.pdf","size":829552},{"id":"user-file-VRAR.pdf","fileName":"VRAR.pdf","name":"VRAR","publicUrl":"np://user.desktop.nicepage.com/Site_36216553/files/VRAR.pdf","size":792814},{"id":"user-file-IoT_Agroengineering.pdf","fileName":"IoT_Agroengineering.pdf","name":"IoT_Agroengineering","publicUrl":"np://user.desktop.nicepage.com/Site_36216553/files/IoT_Agroengineering.pdf","size":669310}]
