[{"id":"user-image-IoT.jpg","publicUrl":"np://user.desktop.nicepage.com/Site_36216553/images/IoT.jpg","size":157217,"hash":"flmgG4sLedshNJuqXk3JEFrPyQU=","fileName":"IoT.jpg","name":"IoT","width":1920,"height":1024,"thumbnail":{"url":"np://user.desktop.nicepage.com/Site_36216553/images/thumbnails/IoT.jpg","width":250,"height":133},"folderId":null,"usages":["664123903"]},{"id":"user-image-logo.svg","publicUrl":"np://user.desktop.nicepage.com/Site_36216553/images/logo.svg","size":50935,"hash":"XO8UNDr7+HyRqNpIUvAK0DX+Krk=","fileName":"logo.svg","name":"logo","width":51,"height":51,"thumbnail":{"url":"np://user.desktop.nicepage.com/Site_36216553/images/logo.svg","width":51,"height":51,"length":50935,"type":"svg"},"usages":[]},{"id":"user-image-38784495-742e-a4a9-0637-ad07297228c2.svg","publicUrl":"np://user.desktop.nicepage.com/Site_36216553/images/38784495-742e-a4a9-0637-ad07297228c2.svg","size":9070,"hash":"dpeJMwbNJrAyiIPE3SuoONS3tpY=","fileName":"38784495-742e-a4a9-0637-ad07297228c2.svg","name":"38784495-742e-a4a9-0637-ad07297228c2","width":324,"height":53,"thumbnail":{"url":"np://user.desktop.nicepage.com/Site_36216553/images/38784495-742e-a4a9-0637-ad07297228c2.svg","width":250,"height":41},"usages":[]},{"id":"user-image-e64651f9-a506-add6-0c20-c03e34f7451c.svg","publicUrl":"np://user.desktop.nicepage.com/Site_36216553/images/e64651f9-a506-add6-0c20-c03e34f7451c.svg","size":32605,"hash":"U3CKIBMxM4VEIOIDvTx+/uZp7rA=","fileName":"e64651f9-a506-add6-0c20-c03e34f7451c.svg","name":"e64651f9-a506-add6-0c20-c03e34f7451c","width":302,"height":75,"thumbnail":{"url":"np://user.desktop.nicepage.com/Site_36216553/images/e64651f9-a506-add6-0c20-c03e34f7451c.svg","width":250,"height":62},"usages":[]},{"id":"user-image-73d38a3a-53d9-3b5b-e5e1-1f4f0679626b.svg","publicUrl":"np://user.desktop.nicepage.com/Site_36216553/images/73d38a3a-53d9-3b5b-e5e1-1f4f0679626b.svg","size":34473,"hash":"IncNuxfmHwKNjj9Pb3IfnVOKXnE=","fileName":"73d38a3a-53d9-3b5b-e5e1-1f4f0679626b.svg","name":"73d38a3a-53d9-3b5b-e5e1-1f4f0679626b","width":51,"height":51,"thumbnail":{"url":"np://user.desktop.nicepage.com/Site_36216553/images/73d38a3a-53d9-3b5b-e5e1-1f4f0679626b.svg","width":51,"height":51,"length":34473,"type":"svg"},"usages":[]},{"id":"user-image-form.jpg","publicUrl":"np://user.desktop.nicepage.com/Site_36216553/images/form.jpg","size":484929,"hash":"UArFsgURDx9la5yW32qmCzHff74=","fileName":"form.jpg","name":"form","width":2703,"height":1804,"thumbnail":{"url":"np://user.desktop.nicepage.com/Site_36216553/images/thumbnails/form.jpg","width":250,"height":167},"usages":["664123903"]},{"id":"user-image-KAV.png","publicUrl":"np://user.desktop.nicepage.com/Site_36216553/images/KAV.png","size":1231229,"hash":"lAAby5RjffFKRzs1wou3Xx9XOKQ=","fileName":"KAV.png","name":"KAV","width":1181,"height":787,"thumbnail":{"url":"np://user.desktop.nicepage.com/Site_36216553/images/thumbnails/KAV.png","width":250,"height":167},"usages":["664123903"]},{"id":"user-image-MOR.png","publicUrl":"np://user.desktop.nicepage.com/Site_36216553/images/MOR.png","size":1394307,"hash":"us5ZUF4d8kk8J4yXU5tcUkhlkgw=","fileName":"MOR.png","name":"MOR","width":1054,"height":945,"thumbnail":{"url":"np://user.desktop.nicepage.com/Site_36216553/images/thumbnails/MOR.png","width":250,"height":224},"usages":["664123903"]},{"id":"user-image-RDG.png","publicUrl":"np://user.desktop.nicepage.com/Site_36216553/images/RDG.png","size":1386159,"hash":"X9eO6M5mPQM6RPO2jHrH7E3UjTA=","fileName":"RDG.png","name":"RDG","width":787,"height":1181,"thumbnail":{"url":"np://user.desktop.nicepage.com/Site_36216553/images/thumbnails/RDG.png","width":167,"height":250},"usages":["664123903"]},{"id":"user-image-EVB.png","publicUrl":"np://user.desktop.nicepage.com/Site_36216553/images/EVB.png","size":1342803,"hash":"19ypxwlRznnMDhqLEcOokfxqxjs=","fileName":"EVB.png","name":"EVB","width":787,"height":1030,"thumbnail":{"url":"np://user.desktop.nicepage.com/Site_36216553/images/thumbnails/EVB.png","width":191,"height":250},"usages":["664123903"]},{"id":"user-image-CMR.png","publicUrl":"np://user.desktop.nicepage.com/Site_36216553/images/CMR.png","size":941119,"hash":"d1hw/ftw+vgIUo19GoNakyRV1ZY=","fileName":"CMR.png","name":"CMR","width":787,"height":850,"thumbnail":{"url":"np://user.desktop.nicepage.com/Site_36216553/images/thumbnails/CMR.png","width":231,"height":250},"usages":["664123903"]},{"id":"user-image-RAV.png","publicUrl":"np://user.desktop.nicepage.com/Site_36216553/images/RAV.png","size":806917,"hash":"t7jJynRhmpSNiO/Xu5R0UrwzMQk=","fileName":"RAV.png","name":"RAV","width":787,"height":855,"thumbnail":{"url":"np://user.desktop.nicepage.com/Site_36216553/images/thumbnails/RAV.png","width":230,"height":250},"usages":["664123903"]},{"id":"user-image-IAD.png","publicUrl":"np://user.desktop.nicepage.com/Site_36216553/images/IAD.png","size":1075377,"hash":"9DOE0/xUSLRXXWweZ7+28pRHhzY=","fileName":"IAD.png","name":"IAD","width":787,"height":880,"thumbnail":{"url":"np://user.desktop.nicepage.com/Site_36216553/images/thumbnails/IAD.png","width":224,"height":250},"usages":["664123903"]},{"id":"user-image-MNiVO.svg","publicUrl":"np://user.desktop.nicepage.com/Site_36216553/images/MNiVO.svg","size":2625520,"hash":"UQuwh80ZWyrc80bDGsvrFYRq53Y=","fileName":"MNiVO.svg","name":"MNiVO","width":155,"height":51,"thumbnail":{"url":"np://user.desktop.nicepage.com/Site_36216553/images/MNiVO.svg","width":155,"height":51,"length":2625520,"type":"svg"},"usages":["664123903"]},{"id":"user-image-Priority.svg","publicUrl":"np://user.desktop.nicepage.com/Site_36216553/images/Priority.svg","size":13504,"hash":"sdxmPuoh8B2cHgodG2CYFRbf9Kk=","fileName":"Priority.svg","name":"Priority","width":138,"height":36,"thumbnail":{"url":"np://user.desktop.nicepage.com/Site_36216553/images/Priority.svg","width":138,"height":36,"length":13504,"type":"svg"},"usages":["664123903"]},{"id":"user-image-soccenter.svg","publicUrl":"np://user.desktop.nicepage.com/Site_36216553/images/soccenter.svg","size":3418,"hash":"y0NafaMp5e4IivwH3XqBGz5o844=","fileName":"soccenter.svg","name":"soccenter","width":131,"height":51,"thumbnail":{"url":"np://user.desktop.nicepage.com/Site_36216553/images/soccenter.svg","width":131,"height":51,"length":3418,"type":"svg"},"usages":["664123903"]},{"id":"user-image-MC.svg","publicUrl":"np://user.desktop.nicepage.com/Site_36216553/images/MC.svg","size":32487,"hash":"As7adNUaHf1KQleztEgCFEVAR0s=","fileName":"MC.svg","name":"MC","width":142,"height":30,"thumbnail":{"url":"np://user.desktop.nicepage.com/Site_36216553/images/MC.svg","width":142,"height":30,"length":32487,"type":"svg"},"usages":["664123903"]},{"id":"user-image-IP.svg","publicUrl":"np://user.desktop.nicepage.com/Site_36216553/images/IP.svg","size":7713,"hash":"Jwfbc851LOMPqCauhAf2UyM8p50=","fileName":"IP.svg","name":"IP","width":150,"height":34,"thumbnail":{"url":"np://user.desktop.nicepage.com/Site_36216553/images/IP.svg","width":150,"height":34,"length":7713,"type":"svg"},"usages":["664123903"]},{"id":"user-image-diplom.jpg","publicUrl":"np://user.desktop.nicepage.com/Site_36216553/images/diplom.jpg","size":381305,"hash":"8thk5QiIPImMHeXSlpUNQbxyGpU=","fileName":"diplom.jpg","name":"diplom","width":640,"height":461,"thumbnail":{"url":"np://user.desktop.nicepage.com/Site_36216553/images/thumbnails/diplom.jpg","width":250,"height":180},"usages":[]},{"id":"user-image-b4bee7da-722c-c05c-6437-14a193f72fd6.svg","publicUrl":"np://user.desktop.nicepage.com/Site_36216553/images/b4bee7da-722c-c05c-6437-14a193f72fd6.svg","size":10062,"hash":"P6VSzF27EWzYDptVPXwyTyN1pY8=","fileName":"b4bee7da-722c-c05c-6437-14a193f72fd6.svg","name":"b4bee7da-722c-c05c-6437-14a193f72fd6","width":135,"height":53,"thumbnail":{"url":"np://user.desktop.nicepage.com/Site_36216553/images/b4bee7da-722c-c05c-6437-14a193f72fd6.svg","width":135,"height":53,"length":10062,"type":"svg"},"usages":["664123903"]},{"id":"user-image-r_telecom.svg","publicUrl":"np://user.desktop.nicepage.com/Site_36216553/images/r_telecom.svg","size":9061,"hash":"ZF6A7/PEnDu9AeokSNZ4B0vpCgM=","fileName":"r_telecom.svg","name":"r_telecom","width":283,"height":53,"thumbnail":{"url":"np://user.desktop.nicepage.com/Site_36216553/images/r_telecom.svg","width":250,"height":47},"usages":["664123903"]},{"id":"user-image-agrosignal.svg","publicUrl":"np://user.desktop.nicepage.com/Site_36216553/images/agrosignal.svg","size":13798,"hash":"yNKex8Wpje+zwDpv8+Nrtwp29YQ=","fileName":"agrosignal.svg","name":"agrosignal","width":188,"height":53,"thumbnail":{"url":"np://user.desktop.nicepage.com/Site_36216553/images/agrosignal.svg","width":188,"height":53,"length":13798,"type":"svg"},"usages":["664123903"]},{"id":"user-image-TVP.png","publicUrl":"np://user.desktop.nicepage.com/Site_36216553/images/TVP.png","size":1082642,"hash":"5z+jxumW2j2tyAozc/rqZZ/F6XA=","fileName":"TVP.png","name":"TVP","width":788,"height":931,"thumbnail":{"url":"np://user.desktop.nicepage.com/Site_36216553/images/thumbnails/TVP.png","width":212,"height":250},"usages":["664123903"]},{"id":"user-image-YVL.png","publicUrl":"np://user.desktop.nicepage.com/Site_36216553/images/YVL.png","size":968807,"hash":"KqJm9DlScQZQSpEglVaF8wgmfyc=","fileName":"YVL.png","name":"YVL","width":787,"height":945,"thumbnail":{"url":"np://user.desktop.nicepage.com/Site_36216553/images/thumbnails/YVL.png","width":208,"height":250},"usages":["664123903"]},{"id":"user-image-fone_new.png","publicUrl":"np://user.desktop.nicepage.com/Site_36216553/images/fone_new.png","size":4296110,"hash":"TpYi2qixTmZ+7s9vynmTZfYG+Tw=","fileName":"fone_new.png","name":"fone_new","width":3005,"height":2365,"thumbnail":{"url":"np://user.desktop.nicepage.com/Site_36216553/images/thumbnails/fone_new.png","width":250,"height":197},"usages":["664123903"]},{"id":"user-image-VR_AR.png","publicUrl":"np://user.desktop.nicepage.com/Site_36216553/images/VR_AR.png","size":4176947,"hash":"PXM9VABUhEW4NcdbF7s15KvjnL8=","fileName":"VR_AR.png","name":"VR_AR","width":2867,"height":1421,"thumbnail":{"url":"np://user.desktop.nicepage.com/Site_36216553/images/thumbnails/VR_AR.png","width":250,"height":124},"usages":["664123903"]},{"id":"user-image-AI.png","publicUrl":"np://user.desktop.nicepage.com/Site_36216553/images/AI.png","size":5122306,"hash":"QrkLiNRtq2X4G9Fg/GRPzMKYpuo=","fileName":"AI.png","name":"AI","width":2700,"height":1421,"thumbnail":{"url":"np://user.desktop.nicepage.com/Site_36216553/images/thumbnails/AI.png","width":250,"height":132},"usages":["664123903"]},{"id":"user-image-letsgo.png","publicUrl":"np://user.desktop.nicepage.com/Site_36216553/images/letsgo.png","size":902176,"hash":"Uag2E9UkXDK9QrIK73qOm2TdIog=","fileName":"letsgo.png","name":"letsgo","width":1121,"height":835,"thumbnail":{"url":"np://user.desktop.nicepage.com/Site_36216553/images/thumbnails/letsgo.png","width":250,"height":186},"usages":["664123903"]},{"id":"user-image-CK.svg","publicUrl":"np://user.desktop.nicepage.com/Site_36216553/images/CK.svg","size":175472,"hash":"hHZ4xRnqVlhhelb4lsuuJQHmTL8=","fileName":"CK.svg","name":"CK","width":124,"height":73,"thumbnail":{"url":"np://user.desktop.nicepage.com/Site_36216553/images/CK.svg","width":124,"height":73,"length":175472,"type":"svg"},"usages":["664123903"]},{"id":"user-image-LAA.png","publicUrl":"np://user.desktop.nicepage.com/Site_36216553/images/LAA.png","size":2059844,"hash":"32dvFIYR1q8uE5TXQ/cv0sSiJZA=","fileName":"LAA.png","name":"LAA","width":1017,"height":1181,"thumbnail":{"url":"np://user.desktop.nicepage.com/Site_36216553/images/thumbnails/LAA.png","width":215,"height":250},"usages":["664123903"]},{"id":"user-image-PAV.png","publicUrl":"np://user.desktop.nicepage.com/Site_36216553/images/PAV.png","size":2121749,"hash":"gVYhorJV5c5TkhQk2ksuBkLNrKA=","fileName":"PAV.png","name":"PAV","width":1057,"height":1181,"thumbnail":{"url":"np://user.desktop.nicepage.com/Site_36216553/images/thumbnails/PAV.png","width":224,"height":250},"usages":["664123903"]},{"id":"user-image-SLA.png","publicUrl":"np://user.desktop.nicepage.com/Site_36216553/images/SLA.png","size":1705890,"hash":"eiGj1uWybGqEkPuHsPPtPDYP9rI=","fileName":"SLA.png","name":"SLA","width":1080,"height":1181,"thumbnail":{"url":"np://user.desktop.nicepage.com/Site_36216553/images/thumbnails/SLA.png","width":229,"height":250},"usages":["664123903"]},{"id":"user-image-RSN.png","publicUrl":"np://user.desktop.nicepage.com/Site_36216553/images/RSN.png","size":1433214,"hash":"XtCJTk9HHP+s6yNGSwvBlMRt854=","fileName":"RSN.png","name":"RSN","width":1012,"height":980,"thumbnail":{"url":"np://user.desktop.nicepage.com/Site_36216553/images/thumbnails/RSN.png","width":250,"height":242},"usages":["664123903"]},{"id":"user-image-AAA.png","publicUrl":"np://user.desktop.nicepage.com/Site_36216553/images/AAA.png","size":1243054,"hash":"zn6fGoopylvcV7fN94Sbmxmyddw=","fileName":"AAA.png","name":"AAA","width":1181,"height":787,"thumbnail":{"url":"np://user.desktop.nicepage.com/Site_36216553/images/thumbnails/AAA.png","width":250,"height":167},"usages":["664123903"]},{"id":"user-image-GYN.png","publicUrl":"np://user.desktop.nicepage.com/Site_36216553/images/GYN.png","size":1484842,"hash":"l0Tk1xPWMi4jbeVN/einWhIVVqQ=","fileName":"GYN.png","name":"GYN","width":1181,"height":787,"thumbnail":{"url":"np://user.desktop.nicepage.com/Site_36216553/images/thumbnails/GYN.png","width":250,"height":167},"usages":["664123903"]},{"id":"user-image-preview.jpg","publicUrl":"np://user.desktop.nicepage.com/Site_36216553/images/preview.jpg","size":118528,"hash":"62x4/mKylcOl2AAHLWtrYMi4RcM=","fileName":"preview.jpg","name":"preview","width":1175,"height":496,"thumbnail":{"url":"np://user.desktop.nicepage.com/Site_36216553/images/thumbnails/preview.jpg","width":250,"height":106},"usages":["664123903"]},{"id":"user-image-favicon.svg","publicUrl":"np://user.desktop.nicepage.com/Site_36216553/images/favicon.svg","size":55172,"hash":"JsXlWiy7Uq2K63omqoi5VP2iD0U=","fileName":"favicon.svg","name":"favicon","width":41,"height":41,"thumbnail":{"url":"np://user.desktop.nicepage.com/Site_36216553/images/favicon.svg","width":41,"height":41,"length":55172,"type":"svg"},"usages":[]},{"id":"user-image-favicon1.svg","publicUrl":"np://user.desktop.nicepage.com/Site_36216553/images/favicon1.svg","size":55257,"hash":"9pWukMd2MJ3uSIoMdqZr7wPJH48=","fileName":"favicon1.svg","name":"favicon1","width":41,"height":41,"thumbnail":{"url":"np://user.desktop.nicepage.com/Site_36216553/images/favicon1.svg","width":41,"height":41,"length":55257,"type":"svg"},"usages":[]}]
