{"npVersion":"6.0.3","firstPublishDate":1681235970448,"lastPublishDate":1702326364064,"needFullExport":false,"site":{"/nicepage-site.css":{"status":"published"}},"pages":{"265622599":{"files":{"/404.css":{"status":"published"},"/404.html":{"status":"published"}},"status":"published"},"664123903":{"files":{"/index.html":{},"/Цифровая-кафедра.css":{},"/Цифровая-кафедра.html":{}}}},"blog":{},"images":{"/images/73d38a3a-53d9-3b5b-e5e1-1f4f0679626b.svg":{"status":"published","publishedUrl":"https://assets.nicepagecdn.com/77eb7746/4598457/images/73d38a3a-53d9-3b5b-e5e1-1f4f0679626b.svg","size":34473,"hash":"IncNuxfmHwKNjj9Pb3IfnVOKXnE="},"/images/form.jpg":{"status":"published","publishedUrl":"https://assets.nicepagecdn.com/77eb7746/4598457/images/form.jpg","size":176440,"hash":"Y7JQeScofswLIv7zDmEDHR56TEg="},"/images/logo.svg":{"status":"published","publishedUrl":"https://assets.nicepagecdn.com/77eb7746/4598457/images/logo.svg","size":50935,"hash":"XO8UNDr7+HyRqNpIUvAK0DX+Krk="},"/images/CMR.png":{"status":"published","publishedUrl":"https://assets.nicepagecdn.com/77eb7746/4598457/images/CMR.png","size":941119,"hash":"d1hw/ftw+vgIUo19GoNakyRV1ZY="},"/images/EVB.png":{"status":"published","publishedUrl":"https://assets.nicepagecdn.com/77eb7746/4598457/images/EVB.png","size":1342803,"hash":"19ypxwlRznnMDhqLEcOokfxqxjs="},"/images/IAD.png":{"status":"published","publishedUrl":"https://assets.nicepagecdn.com/77eb7746/4598457/images/IAD.png","size":1075377,"hash":"9DOE0/xUSLRXXWweZ7+28pRHhzY="},"/images/KAV.png":{"status":"published","publishedUrl":"https://assets.nicepagecdn.com/77eb7746/4598457/images/KAV.png","size":1231229,"hash":"lAAby5RjffFKRzs1wou3Xx9XOKQ="},"/images/MOR.png":{"status":"published","publishedUrl":"https://assets.nicepagecdn.com/77eb7746/4598457/images/MOR.png","size":1394307,"hash":"us5ZUF4d8kk8J4yXU5tcUkhlkgw="},"/images/RAV.png":{"status":"published","publishedUrl":"https://assets.nicepagecdn.com/77eb7746/4598457/images/RAV.png","size":806917,"hash":"t7jJynRhmpSNiO/Xu5R0UrwzMQk="},"/images/RDG.png":{"status":"published","publishedUrl":"https://assets.nicepagecdn.com/77eb7746/4598457/images/RDG.png","size":1386159,"hash":"X9eO6M5mPQM6RPO2jHrH7E3UjTA="},"/images/IP.svg":{"status":"published","publishedUrl":"https://assets.nicepagecdn.com/77eb7746/4598457/images/IP.svg","size":7713,"hash":"Jwfbc851LOMPqCauhAf2UyM8p50="},"/images/MC.svg":{"status":"published","publishedUrl":"https://assets.nicepagecdn.com/77eb7746/4598457/images/MC.svg","size":32487,"hash":"As7adNUaHf1KQleztEgCFEVAR0s="},"/images/MNiVO.svg":{"status":"published","publishedUrl":"https://assets.nicepagecdn.com/77eb7746/4598457/images/MNiVO.svg","size":2625520,"hash":"UQuwh80ZWyrc80bDGsvrFYRq53Y="},"/images/Priority.svg":{"status":"published","publishedUrl":"https://assets.nicepagecdn.com/77eb7746/4598457/images/Priority.svg","size":13504,"hash":"sdxmPuoh8B2cHgodG2CYFRbf9Kk="},"/images/soccenter.svg":{"status":"published","publishedUrl":"https://assets.nicepagecdn.com/77eb7746/4598457/images/soccenter.svg","size":3418,"hash":"y0NafaMp5e4IivwH3XqBGz5o844="},"/images/agrosignal.svg":{"status":"published","publishedUrl":"https://assets.nicepagecdn.com/77eb7746/4598457/images/agrosignal.svg","size":13798,"hash":"yNKex8Wpje+zwDpv8+Nrtwp29YQ="},"/images/b4bee7da-722c-c05c-6437-14a193f72fd6.svg":{"status":"published","publishedUrl":"https://assets.nicepagecdn.com/77eb7746/4598457/images/b4bee7da-722c-c05c-6437-14a193f72fd6.svg","size":10062,"hash":"P6VSzF27EWzYDptVPXwyTyN1pY8="},"/images/r_telecom.svg":{"status":"published","publishedUrl":"https://assets.nicepagecdn.com/77eb7746/4598457/images/r_telecom.svg","size":9061,"hash":"ZF6A7/PEnDu9AeokSNZ4B0vpCgM="},"/images/TVP.png":{"status":"published","publishedUrl":"https://assets.nicepagecdn.com/77eb7746/4598457/images/TVP.png","size":1082642,"hash":"5z+jxumW2j2tyAozc/rqZZ/F6XA="},"/images/YVL.png":{"status":"published","publishedUrl":"https://assets.nicepagecdn.com/77eb7746/4598457/images/YVL.png","size":968807,"hash":"KqJm9DlScQZQSpEglVaF8wgmfyc="},"/images/fone_new.png":{"status":"published","publishedUrl":"https://assets.nicepagecdn.com/77eb7746/4598457/images/fone_new.png","size":2884448,"hash":"D3O2uJNwjF00L5AEs2Bpzh0h/ls="},"/images/AI.png":{"status":"published","publishedUrl":"https://assets.nicepagecdn.com/77eb7746/4598457/images/AI.png","size":2794270,"hash":"kHMexVqGk3BnMP9+w2Ou3RCtXZI="},"/images/VR_AR.png":{"status":"published","publishedUrl":"https://assets.nicepagecdn.com/77eb7746/4598457/images/VR_AR.png","size":2134608,"hash":"XjwnlGsoIml+Oz65T5ogOR73Eys="},"/images/CK.svg":{"status":"published","publishedUrl":"https://assets.nicepagecdn.com/77eb7746/4598457/images/CK.svg","size":175472,"hash":"hHZ4xRnqVlhhelb4lsuuJQHmTL8="},"/images/letsgo.png":{"status":"published","publishedUrl":"https://assets.nicepagecdn.com/77eb7746/4598457/images/letsgo.png","size":902176,"hash":"Uag2E9UkXDK9QrIK73qOm2TdIog="},"/images/LAA.png":{"status":"published","publishedUrl":"https://assets.nicepagecdn.com/77eb7746/4598457/images/LAA.png","size":2059844,"hash":"32dvFIYR1q8uE5TXQ/cv0sSiJZA="},"/images/PAV.png":{"status":"published","publishedUrl":"https://assets.nicepagecdn.com/77eb7746/4598457/images/PAV.png","size":2121749,"hash":"gVYhorJV5c5TkhQk2ksuBkLNrKA="},"/images/AAA.png":{"status":"published","publishedUrl":"https://assets.nicepagecdn.com/77eb7746/4598457/images/AAA.png","size":1243054,"hash":"zn6fGoopylvcV7fN94Sbmxmyddw="},"/images/GYN.png":{"status":"published","publishedUrl":"https://assets.nicepagecdn.com/77eb7746/4598457/images/GYN.png","size":1484842,"hash":"l0Tk1xPWMi4jbeVN/einWhIVVqQ="},"/images/RSN.png":{"status":"published","publishedUrl":"https://assets.nicepagecdn.com/77eb7746/4598457/images/RSN.png","size":1433214,"hash":"XtCJTk9HHP+s6yNGSwvBlMRt854="},"/images/SLA.png":{"status":"published","publishedUrl":"https://assets.nicepagecdn.com/77eb7746/4598457/images/SLA.png","size":1705890,"hash":"eiGj1uWybGqEkPuHsPPtPDYP9rI="},"/images/preview.jpg":{"status":"published","publishedUrl":"https://assets.nicepagecdn.com/77eb7746/4598457/images/preview.jpg","size":118528,"hash":"62x4/mKylcOl2AAHLWtrYMi4RcM="},"/images/favicon1.svg":{"status":"published","publishedUrl":"https://assets.nicepagecdn.com/77eb7746/4598457/images/favicon1.svg","size":55257,"hash":"9pWukMd2MJ3uSIoMdqZr7wPJH48="}},"files":{"/files/fonv.mp4":{"status":"published"},"/files/833eada4-4e04-0cad-ba69-d686d69fa1f9.pdf":{"status":"published"},"/files/VRAR.pdf":{"status":"published"}},"fonts":{},"editor":{"site":{"/blog.json":{"status":"published"},"/files.json":{"status":"published"},"/fonts.json":{"status":"published"},"/images.json":{},"/pages.json":{},"/products.json":{"status":"published"}},"pages":{"66754712":{"files":{"/Product-Details-Template.html":{"status":"published"}},"status":"published"},"85543107":{"files":{"/Blog-Template.html":{"status":"published"}},"status":"published"},"86229200":{"files":{"/Post-Template.html":{"status":"published"}},"status":"published"},"98730689":{"files":{"/Thank-You-Page-Template.html":{"status":"published"}},"status":"published"},"164982361":{"files":{"/Login-Template.html":{"status":"published"}},"status":"published"},"265622599":{"files":{"/404-Not-Found-Template.html":{"status":"published"}},"status":"published"},"664123903":{"files":{"/Цифровая-кафедра_664123903.html":{}}},"708820884":{"files":{"/Page-Password-Template.html":{"status":"published"}},"status":"published"},"885907358":{"files":{"/Product-List-Template.html":{"status":"published"}},"status":"published"},"990227334":{"files":{"/Shopping-Cart-Template.html":{"status":"published"}},"status":"published"},"998718598":{"files":{"/Checkout-Template.html":{"status":"published"}},"status":"published"}},"blog":{"/blog/пост-1.html":{"status":"published"},"/blog/пост-2.html":{"status":"published"},"/blog/пост-3.html":{"status":"published"},"/blog/пост-4.html":{"status":"published"},"/blog/пост-5.html":{"status":"published"},"/blog/пост.html":{"status":"published"}},"images":{},"files":{},"fonts":{},"products":{}}}
